{
    "legacy_addon_id": "",
    "title": "Accessibility Blocks",
    "description": "Accessible navigation blocks for users that enable the option in their preferences.",
    "version_id": 1010070,
    "version_string": "1.1.0",
    "dev": "Wutime",
    "dev_url": "https://woocommerce.wutime.com",
    "faq_url": "https://xenforo.com/community/resources/accessible-navigation-for-assistive-devices.7185/field?field=faq",
    "support_url": "https://xenforo.com/community/threads/accessible-navigation-for-assistive-devices.165530/",
    "extra_urls": {},
    "require": {
        "php": [
            "7.2.7",
            "PHP 7.2.7+"
        ],
        "XF": [
            "2010000",
            "XF 2.1"
        ]
    },
    "icon": "logo.webp"
}