<?xml version="1.0" encoding="utf-8"?>
<template_modifications>
  <modification type="public" template="PAGE_CONTAINER" modification_key="wutime_accblock_render_blocks" description="Render the accessibility blocks" execution_order="0" enabled="1" action="str_replace">
    <find><![CDATA[<!--XF:EXTRA_OUTPUT-->]]></find>
    <replace><![CDATA[$0

<xf:if is="$xf.visitor.Option.wutime_accblock">
	<xf:css src="wutime_accblock.less" />
	<xf:include template="wutime_accblock_blocks"/>
</xf:if>]]></replace>
  </modification>
  <modification type="public" template="PAGE_CONTAINER" modification_key="wutime_accblock_render_footer_blocks" description="Render footer blocks" execution_order="1" enabled="1" action="str_replace">
    <find><![CDATA[<xf:ad position="container_breadcrumb_bottom_below" />]]></find>
    <replace><![CDATA[<xf:if is="$xf.visitor.Option.wutime_accblock">
	<xf:css src="wutime_accblock.less" />
	<xf:include template="wutime_accblock_blocks"/>
</xf:if>

$0]]></replace>
  </modification>
  <modification type="public" template="account_preferences" modification_key="wutime_accblock_account_preferences" description="Add option to account_preferences to enable accessibility blocks" execution_order="10" enabled="1" action="preg_replace">
    <find><![CDATA[(<xf:macro\s+(?:id="helper_account::activity_privacy_row"|template="helper_account"\s+name="activity_privacy_row")\s*/>)
]]></find>
    <replace><![CDATA[<xf:include template="wutime_accblock_option_code"/>

$0]]></replace>
  </modification>
</template_modifications>
