<?xml version="1.0" encoding="utf-8"?>
<templates>
  <template type="public" title="wutime_accblock.less" version_id="101" version_string="0.0.1 1"><![CDATA[.wutime_accblock_container {
	text-align:center;
}

.wutime_accblock_container div {

}

.wutime_accblock_container a {
	display:block;
	min-width:8em;
	white-space: nowrap;
	width:18%;
	float:left;

	padding:1em 1em 1em 1em;
	margin:.5em;
	color:white;
	text-align:center;
	background:green;
}

.wutime_accblock_container a.wutime_accblock_light {
	background:#3dad3d;
}

.wutime_accblock_container a:hover {
    background-color: #005a00;
}]]></template>
  <template type="public" title="wutime_accblock_blocks" version_id="101" version_string="0.0.1 1"><![CDATA[<div class="wutime_accblock_container">
	<div>
		<a tabindex="1" href="{{ link('whats-new') }}" title="{{ phrase('nav.whatsNew') }}">{{ phrase('nav.whatsNew') }}</a>
		<a tabindex="2" href="{{ link('whats-new/posts') }}" title="{{ phrase('nav.newPosts') }}">{{ phrase('nav.newPosts') }}</a>
		<a tabindex="3" href="{{ link('conversations') }}" title="{{ phrase('conversations') }}">{{ phrase('conversations') }}</a>

		<xf:if is="$controller=='XF:Thread'">
			<a tabindex="4" href="{{ link('posts/' . $forum.last_post_id) }}" title="{{ phrase('wutime_accblock_last_post') }}" class="wutime_accblock_light">{{ phrase('wutime_accblock_last_post') }}</a>
			<a tabindex="5" href="{{ link('threads/' . $forum.last_thread_id) }}" title="{{ phrase('wutime_accblock_first_post') }}" class="wutime_accblock_light">{{ phrase('wutime_accblock_first_post') }}</a>
		</xf:if>
	</div>
</div>]]></template>
  <template type="public" title="wutime_accblock_option_code" version_id="101" version_string="0.0.1 1"><![CDATA[<xf:checkboxrow label="{{ phrase('wutime_accblock_accessibility_title') }}">
					<xf:option name="option[wutime_accblock]" checked="{$xf.visitor.Option.wutime_accblock}"
						label="{{ phrase('wutime_accblock_option_title') }}" />
				</xf:checkboxrow>]]></template>
</templates>
